{
    "tempo_calcolo_tsp_s": 0.16429615020751953, 
    "waypoint_totali": 150, 
    "target_ordinati": [
        [
            40.942748464461125, 
            11.904739201289358
        ], 
        [
            25.543386355629803, 
            13.170171871953299
        ], 
        [
            37.49844669456489, 
            26.783648182768108
        ], 
        [
            23.9212313285037, 
            28.774488116802214
        ], 
        [
            13.04390412434376, 
            34.174742189099085
        ], 
        [
            12.288379865008482, 
            45.740958000875516
        ]
    ], 
    "timestamp": "2026-05-29_16-45-32", 
    "area_utilizzata": "Ristretta", 
    "distanza_stimata_m": 80.49137802864846, 
    "path": [
        [
            36.876, 
            12.983, 
            0.0
        ], 
        [
            37.376, 
            12.983, 
            0.0
        ], 
        [
            37.876, 
            12.983, 
            0.0
        ], 
        [
            38.376, 
            12.983, 
            0.0
        ], 
        [
            38.876, 
            12.983, 
            0.0
        ], 
        [
            39.376, 
            12.983, 
            0.0
        ], 
        [
            39.876, 
            12.483, 
            0.0
        ], 
        [
            40.376, 
            11.983, 
            0.0
        ], 
        [
            40.942748464461125, 
            11.904739201289358, 
            1.0
        ], 
        [
            40.876, 
            11.483, 
            0.0
        ], 
        [
            40.376, 
            11.483, 
            0.0
        ], 
        [
            39.876, 
            11.483, 
            0.0
        ], 
        [
            39.376, 
            11.483, 
            0.0
        ], 
        [
            38.876, 
            11.483, 
            0.0
        ], 
        [
            38.376, 
            11.483, 
            0.0
        ], 
        [
            37.876, 
            11.483, 
            0.0
        ], 
        [
            37.376, 
            11.483, 
            0.0
        ], 
        [
            36.876, 
            11.483, 
            0.0
        ], 
        [
            36.376, 
            11.483, 
            0.0
        ], 
        [
            35.876, 
            11.483, 
            0.0
        ], 
        [
            35.376, 
            11.483, 
            0.0
        ], 
        [
            34.876, 
            11.483, 
            0.0
        ], 
        [
            34.376, 
            11.483, 
            0.0
        ], 
        [
            33.876, 
            11.483, 
            0.0
        ], 
        [
            33.376, 
            11.483, 
            0.0
        ], 
        [
            32.876, 
            11.483, 
            0.0
        ], 
        [
            32.376, 
            11.483, 
            0.0
        ], 
        [
            31.876, 
            11.483, 
            0.0
        ], 
        [
            31.376, 
            11.483, 
            0.0
        ], 
        [
            30.876, 
            11.483, 
            0.0
        ], 
        [
            30.376, 
            11.483, 
            0.0
        ], 
        [
            29.876, 
            11.483, 
            0.0
        ], 
        [
            29.376, 
            11.483, 
            0.0
        ], 
        [
            28.876, 
            11.483, 
            0.0
        ], 
        [
            28.376, 
            11.483, 
            0.0
        ], 
        [
            27.876, 
            11.483, 
            0.0
        ], 
        [
            27.376, 
            11.483, 
            0.0
        ], 
        [
            26.876, 
            11.483, 
            0.0
        ], 
        [
            26.376, 
            11.983, 
            0.0
        ], 
        [
            25.876, 
            12.483, 
            0.0
        ], 
        [
            25.543386355629803, 
            13.170171871953299, 
            1.0
        ], 
        [
            25.376, 
            12.983, 
            0.0
        ], 
        [
            25.876, 
            13.483, 
            0.0
        ], 
        [
            26.376, 
            13.983, 
            0.0
        ], 
        [
            26.876, 
            14.483, 
            0.0
        ], 
        [
            27.376, 
            14.983, 
            0.0
        ], 
        [
            27.876, 
            15.483, 
            0.0
        ], 
        [
            27.876, 
            15.983, 
            0.0
        ], 
        [
            27.876, 
            16.483, 
            0.0
        ], 
        [
            27.876, 
            16.983, 
            0.0
        ], 
        [
            27.876, 
            17.483, 
            0.0
        ], 
        [
            27.876, 
            17.983, 
            0.0
        ], 
        [
            27.876, 
            18.483, 
            0.0
        ], 
        [
            27.876, 
            18.983, 
            0.0
        ], 
        [
            27.876, 
            19.483, 
            0.0
        ], 
        [
            27.876, 
            19.983, 
            0.0
        ], 
        [
            28.376, 
            20.483, 
            0.0
        ], 
        [
            28.876, 
            20.983, 
            0.0
        ], 
        [
            29.376, 
            21.483, 
            0.0
        ], 
        [
            29.876, 
            21.983, 
            0.0
        ], 
        [
            30.376, 
            22.483, 
            0.0
        ], 
        [
            30.876, 
            22.983, 
            0.0
        ], 
        [
            31.376, 
            23.483, 
            0.0
        ], 
        [
            31.876, 
            23.983, 
            0.0
        ], 
        [
            32.376, 
            24.483, 
            0.0
        ], 
        [
            32.876, 
            24.983, 
            0.0
        ], 
        [
            33.376, 
            25.483, 
            0.0
        ], 
        [
            33.876, 
            25.983, 
            0.0
        ], 
        [
            34.376, 
            26.483, 
            0.0
        ], 
        [
            34.876, 
            26.483, 
            0.0
        ], 
        [
            35.376, 
            26.483, 
            0.0
        ], 
        [
            35.876, 
            26.483, 
            0.0
        ], 
        [
            36.376, 
            26.483, 
            0.0
        ], 
        [
            36.876, 
            26.483, 
            0.0
        ], 
        [
            37.49844669456489, 
            26.783648182768108, 
            1.0
        ], 
        [
            37.376, 
            26.483, 
            0.0
        ], 
        [
            36.876, 
            26.483, 
            0.0
        ], 
        [
            36.376, 
            26.483, 
            0.0
        ], 
        [
            35.876, 
            26.483, 
            0.0
        ], 
        [
            35.376, 
            26.483, 
            0.0
        ], 
        [
            34.876, 
            26.483, 
            0.0
        ], 
        [
            34.376, 
            26.483, 
            0.0
        ], 
        [
            33.876, 
            26.483, 
            0.0
        ], 
        [
            33.376, 
            26.483, 
            0.0
        ], 
        [
            32.876, 
            26.483, 
            0.0
        ], 
        [
            32.376, 
            26.483, 
            0.0
        ], 
        [
            31.876, 
            26.483, 
            0.0
        ], 
        [
            31.376, 
            26.483, 
            0.0
        ], 
        [
            30.876, 
            26.483, 
            0.0
        ], 
        [
            30.376, 
