{
    "target_virtuali_visitati": 0, 
    "distanza_stimata_m": 92.69848480983501, 
    "target_reali_ordinati": [
        [
            13.04390412434376, 
            34.174742189099085
        ], 
        [
            12.288379865008482, 
            45.740958000875516
        ], 
        [
            23.9212313285037, 
            28.774488116802214
        ], 
        [
            37.49844669456489, 
            26.783648182768108
        ], 
        [
            40.942748464461125, 
            11.904739201289358
        ], 
        [
            25.543386355629803, 
            13.170171871953299
        ]
    ], 
    "tempo_calcolo_tsp_s": 0.41811704635620117, 
    "waypoint_totali": 174, 
    "copertura_percentuale": 99.26, 
    "timestamp": "2026-05-29_17-03-06", 
    "path": [
        [
            11.876, 
            45.483, 
            0.0
        ], 
        [
            11.876, 
            44.983, 
            0.0
        ], 
        [
            11.876, 
            44.483, 
            0.0
        ], 
        [
            11.876, 
            43.983, 
            0.0
        ], 
        [
            11.876, 
            43.483, 
            0.0
        ], 
        [
            11.876, 
            42.983, 
            0.0
        ], 
        [
            11.876, 
            42.483, 
            0.0
        ], 
        [
            11.876, 
            41.983, 
            0.0
        ], 
        [
            11.876, 
            41.483, 
            0.0
        ], 
        [
            11.876, 
            40.983, 
            0.0
        ], 
        [
            11.876, 
            40.483, 
            0.0
        ], 
        [
            11.876, 
            39.983, 
            0.0
        ], 
        [
            11.876, 
            39.483, 
            0.0
        ], 
        [
            11.876, 
            38.983, 
            0.0
        ], 
        [
            11.876, 
            38.483, 
            0.0
        ], 
        [
            11.876, 
            37.983, 
            -1.0
        ], 
        [
            11.876, 
            37.483, 
            -1.0
        ], 
        [
            11.876, 
            36.983, 
            -1.0
        ], 
        [
            11.876, 
            36.483, 
            -1.0
        ], 
        [
            11.876, 
            35.983, 
            -1.0
        ], 
        [
            11.876, 
            35.483, 
            -1.0
        ], 
        [
            11.876, 
            34.983, 
            -1.0
        ], 
        [
            12.376, 
            34.483, 
            -1.0
        ], 
        [
            13.04390412434376, 
            34.174742189099085, 
            3.0
        ], 
        [
            12.876, 
            33.983, 
            -1.0
        ], 
        [
            12.876, 
            34.483, 
            -1.0
        ], 
        [
            12.876, 
            34.983, 
            -1.0
        ], 
        [
            12.876, 
            35.483, 
            -1.0
        ], 
        [
            12.876, 
            35.983, 
            -1.0
        ], 
        [
            12.876, 
            36.483, 
            -1.0
        ], 
        [
            12.876, 
            36.983, 
            -1.0
        ], 
        [
            12.876, 
            37.483, 
            0.0
        ], 
        [
            12.876, 
            37.983, 
            0.0
        ], 
        [
            12.876, 
            38.483, 
            0.0
        ], 
        [
            12.876, 
            38.983, 
            0.0
        ], 
        [
            12.876, 
            39.483, 
            0.0
        ], 
        [
            12.876, 
            39.983, 
            0.0
        ], 
        [
            12.876, 
            40.483, 
            0.0
        ], 
        [
            12.876, 
            40.983, 
            0.0
        ], 
        [
            12.876, 
            41.483, 
            -1.0
        ], 
        [
            12.876, 
            41.983, 
            -1.0
        ], 
        [
            12.876, 
            42.483, 
            -1.0
        ], 
        [
            12.876, 
            42.983, 
            -1.0
        ], 
        [
            12.876, 
            43.483, 
            -1.0
        ], 
        [
            12.876, 
            43.983, 
            -1.0
        ], 
        [
            12.876, 
            44.483, 
            -1.0
        ], 
        [
            12.376, 
            44.983, 
            -1.0
        ], 
        [
            12.288379865008482, 
            45.740958000875516, 
            3.0
        ], 
        [
            11.876, 
            45.483, 
            -1.0
        ], 
        [
            12.376, 
            44.983, 
            -1.0
        ], 
        [
            12.876, 
            44.483, 
            -1.0
        ], 
        [
            13.376, 
            43.983, 
            -1.0
        ], 
        [
            13.876, 
            43.483, 
            -1.0
        ], 
        [
            14.376, 
            42.983, 
            -1.0
        ], 
        [
            14.876, 
            42.483, 
            -1.0
        ], 
        [
            15.376, 
            41.983, 
            0.0
        ], 
        [
            15.876, 
            41.483, 
            0.0
        ], 
        [
            16.376, 
            40.983, 
            -1.0
        ], 
        [
            16.876, 
            40.483, 
            -1.0
        ], 
        [
            17.376, 
            39.983, 
            -1.0
        ], 
        [
            17.876, 
            39.483, 
            -1.0
        ], 
        [
            18.376, 
            38.983, 
            -1.0
        ], 
        [
            18.876, 
            38.483, 
            -1.0
        ], 
        [
            19.376, 
            37.983, 
            -1.0
        ], 
        [
            19.376, 
            37.483, 
            -1.0
        ], 
        [
            19.376, 
            36.983, 
            -1.0
        ], 
        [
            19.376, 
            36.483, 
            -1.0
        ], 
        [
            19.376, 
            35.983, 
            -1.0
        ], 
        [
            19.376, 
            35.483, 
            -1.0
        ], 
        [
            19.376, 
            34.983, 
            -1.0
        ], 
        [
            19.376, 
            34.483, 
            -1.0
        ], 
        [
            19.376, 
            33.983, 
            -1.0
        ], 
        [
            19.376, 
            33.483, 
            -1.0
        ], 
        [
            19.376, 
            32.983, 
            -1.0
        ], 
        [
            19.876, 
            32.483, 
            -1.0
        ], 
        [
            20.376, 
            31.983, 
            -1.0
        ], 
        [
            20.876, 
            31.483, 
            -1.0
        ], 
        [
            21.376, 
            30.983, 
            -1.0
        ], 
        [
            21.876, 
            30.483, 
            -1.0
        ], 
        [
            22.376, 
            29.983, 
            -1.0
        ], 
        [
            22.876, 
            29.483, 
            -1.0
        ], 
        [
            23.376, 
            28.983, 
            -1.0
        ], 
        [
            23.9212313285037, 
            28.774488116802214, 
            3.0
        ], 
        [
            23.876, 
            28.483, 
            -1.0
        ], 
        [
            24.376, 
            28.483, 
            -1.0
        ], 
        [
            24.876, 
            28.483, 
            -1.0
        ], 
        [
            25.376, 
            28.483, 
            -1.0
        ], 
        [
            25.876, 
            28.483, 
            -1.0
        ], 
        [
