{
    "tempo_calcolo_tsp_s": 0.3367648124694824, 
    "waypoint_totali": 155, 
    "target_ordinati": [
        [
            25.543386355629803, 
            13.170171871953299
        ], 
        [
            40.942748464461125, 
            11.904739201289358
        ], 
        [
            37.49844669456489, 
            26.783648182768108
        ], 
        [
            23.9212313285037, 
            28.774488116802214
        ], 
        [
            13.04390412434376, 
            34.174742189099085
        ], 
        [
            12.288379865008482, 
            45.740958000875516
        ]
    ], 
    "timestamp": "2026-05-29_16-40-48", 
    "area_utilizzata": "Ristretta", 
    "distanza_stimata_m": 82.7842712474619, 
    "path": [
        [
            31.876, 
            4.9830000000000005, 
            0.0
        ], 
        [
            31.376, 
            5.4830000000000005, 
            0.0
        ], 
        [
            30.876, 
            5.9830000000000005, 
            0.0
        ], 
        [
            30.376, 
            6.4830000000000005, 
            0.0
        ], 
        [
            29.876, 
            6.9830000000000005, 
            0.0
        ], 
        [
            29.376, 
            7.4830000000000005, 
            0.0
        ], 
        [
            28.876, 
            7.9830000000000005, 
            0.0
        ], 
        [
            28.376, 
            8.483, 
            0.0
        ], 
        [
            27.876, 
            8.983, 
            0.0
        ], 
        [
            27.376, 
            9.483, 
            0.0
        ], 
        [
            26.876, 
            9.983, 
            0.0
        ], 
        [
            26.376, 
            10.483, 
            0.0
        ], 
        [
            25.876, 
            10.983, 
            0.0
        ], 
        [
            25.376, 
            11.483, 
            0.0
        ], 
        [
            25.376, 
            11.983, 
            0.0
        ], 
        [
            25.376, 
            12.483, 
            0.0
        ], 
        [
            25.543386355629803, 
            13.170171871953299, 
            1.0
        ], 
        [
            25.376, 
            12.983, 
            0.0
        ], 
        [
            25.876, 
            12.983, 
            0.0
        ], 
        [
            26.376, 
            12.983, 
            0.0
        ], 
        [
            26.876, 
            12.983, 
            0.0
        ], 
        [
            27.376, 
            12.983, 
            0.0
        ], 
        [
            27.876, 
            12.983, 
            0.0
        ], 
        [
            28.376, 
            12.983, 
            0.0
        ], 
        [
            28.876, 
            12.983, 
            0.0
        ], 
        [
            29.376, 
            12.983, 
            0.0
        ], 
        [
            29.876, 
            12.983, 
            0.0
        ], 
        [
            30.376, 
            12.983, 
            0.0
        ], 
        [
            30.876, 
            12.983, 
            0.0
        ], 
        [
            31.376, 
            12.983, 
            0.0
        ], 
        [
            31.876, 
            12.983, 
            0.0
        ], 
        [
            32.376, 
            12.983, 
            0.0
        ], 
        [
            32.876, 
            12.983, 
            0.0
        ], 
        [
            33.376, 
            12.983, 
            0.0
        ], 
        [
            33.876, 
            12.983, 
            0.0
        ], 
        [
            34.376, 
            12.983, 
            0.0
        ], 
        [
            34.876, 
            12.983, 
            0.0
        ], 
        [
            35.376, 
            12.983, 
            0.0
        ], 
        [
            35.876, 
            12.983, 
            0.0
        ], 
        [
            36.376, 
            12.983, 
            0.0
        ], 
        [
            36.876, 
            12.983, 
            0.0
        ], 
        [
            37.376, 
            12.983, 
            0.0
        ], 
        [
            37.876, 
            12.983, 
            0.0
        ], 
        [
            38.376, 
            12.983, 
            0.0
        ], 
        [
            38.876, 
            12.983, 
            0.0
        ], 
        [
            39.376, 
            12.983, 
            0.0
        ], 
        [
            39.876, 
            12.483, 
            0.0
        ], 
        [
            40.376, 
            11.983, 
            0.0
        ], 
        [
            40.942748464461125, 
            11.904739201289358, 
            1.0
        ], 
        [
            40.876, 
            11.483, 
            0.0
        ], 
        [
            40.376, 
            11.983, 
            0.0
        ], 
        [
            39.876, 
            12.483, 
            0.0
        ], 
        [
            39.376, 
            12.983, 
            0.0
        ], 
        [
            38.876, 
            13.483, 
            0.0
        ], 
        [
            38.376, 
            13.983, 
            0.0
        ], 
        [
            37.876, 
            14.483, 
            0.0
        ], 
        [
            37.376, 
            14.983, 
            0.0
        ], 
        [
            37.376, 
            15.483, 
            0.0
        ], 
        [
            37.376, 
            15.983, 
            0.0
        ], 
        [
            37.376, 
            16.483, 
            0.0
        ], 
        [
            37.376, 
            16.983, 
            0.0
        ], 
        [
            37.376, 
            17.483, 
            0.0
        ], 
        [
            37.376, 
            17.983, 
            0.0
        ], 
        [
            37.376, 
            18.483, 
            0.0
        ], 
        [
            37.376, 
            18.983, 
            0.0
        ], 
        [
            37.376, 
            19.483, 
            0.0
        ], 
        [
            37.376, 
            19.983, 
            0.0
        ], 
        [
            37.376, 
            20.483, 
            0.0
        ], 
        [
            37.376, 
            20.983, 
            0.0
        ], 
        [
            37.376, 
            21.483, 
            0.0
        ], 
        [
            37.376, 
            21.983, 
            0.0
        ], 
        [
            37.376, 
            22.483, 
            0.0
        ], 
        [
            37.376, 
            22.983, 
            0.0
        ], 
        [
            37.376, 
            23.483, 
            0.0
        ], 
        [
            37.376, 
            23.983, 
            0.0
        ], 
        [
            37.376, 
            24.483, 
            0.0
        ], 
        [
            37.376, 
            24.983, 
            0.0
        ], 
        [
            37.376, 
            25.483, 
            0.0
        ], 
        [
            37.376, 
            25.983, 
            0.0
        ], 
        [
            37.49844669456489, 
            26.783648182768108, 
            1.0
        ], 
        [
            37.376, 
            26.483, 
            0.0
        ], 
        [
            36.876, 
            26.483, 
            0.0
        ], 
        [
            36.376, 
            26.483, 
            0.0
        ], 
        [
            35.876, 
            26.483, 
            0.0
        ], 
        [
            35.376, 
            26.483, 
            0.0
        ], 
        [
            34.876, 
            26.483, 
            0.0
        ], 
        [
            34.376, 
            26.483, 
            0.0
        ], 
        [
            33.876, 
            26.483, 
            0.0
        ], 
        [
            33.376, 
